{
  "accuracy": 0.8091994970662196,
  "f1": 0.5430363864491844,
  "recall": 0.48131672597864766,
  "roc_auc": 0.8655473664212244,
  "train_rows": 38174,
  "test_rows": 9544,
  "best_cv_roc_auc": 0.8659180621865639,
  "best_params": {
    "colsample_bytree": 0.8,
    "learning_rate": 0.01,
    "max_depth": 5,
    "n_estimators": 200,
    "subsample": 0.8
  },
  "threshold_default": 0.5,
  "threshold_best_f1": 0.29,
  "best_f1_at_threshold": 0.6519317160826594,
  "best_recall_at_threshold": 0.8069395017793595,
  "best_precision_at_threshold": 0.546879710581851,
  "best_accuracy_at_threshold": 0.7970452640402347,
  "features": [
    "nutrition_intake",
    "nutrition_prob_2",
    "waist_x_excess_prob",
    "sex",
    "HE_ht",
    "HE_wt",
    "HE_wc",
    "age"
  ]
}